{"columns":[0,1,2,3,4,5,6,7,8,9,10,11,12,13,14,15,16,17,18,19],"index":[0,1,2,3,4,5,6,7,8,9,10,11,12,13,14,15,16,17,18,19,20,21,22,23,24,25,26,27,28,29,30,31,32,33,34,35,36,37,38,39,40,41,42,43,44,45,46,47,48,49,50,51,52,53,54,55,56,57,58,59,60,61,62,63,64,65,66,67,68,69,70,71,72,73,74,75,76,77,78,79,80,81,82,83,84,85,86,87,88,89,90,91,92,93,94,95,96,97,98,99],"data":[[0.963475,0.970143,0.972731,0.975119,0.977508,0.980096,0.981588,0.982584,0.982982,0.982982,0.983877,0.983877,0.983877,0.983877,0.983877,0.983877,0.983877,0.983877,0.983877,0.983877],[0.968451,0.968451,0.97293,0.97502,0.97502,0.977607,0.978105,0.978105,0.978901,0.979896,0.979896,0.979896,0.979896,0.980693,0.980693,0.980792,0.983977,0.983977,0.984674,0.986465],[0.971935,0.971935,0.976015,0.978802,0.978802,0.980892,0.981887,0.985669,0.985669,0.985868,0.985868,0.985868,0.985868,0.985868,0.985868,0.985868,0.985868,0.985868,0.985868,0.985868],[0.970442,0.970442,0.975717,0.977807,0.978802,0.980792,0.980792,0.980892,0.980892,0.981887,0.984574,0.984674,0.984674,0.984674,0.984674,0.984674,0.984674,0.984674,0.984674,0.984773],[0.96457,0.972432,0.975617,0.978105,0.9791,0.98129,0.98129,0.98129,0.982683,0.982783,0.982783,0.982783,0.982783,0.982882,0.982882,0.983181,0.983181,0.983678,0.983678,0.983678],[0.966361,0.972233,0.973925,0.973925,0.975717,0.979299,0.979299,0.982086,0.982086,0.982086,0.985669,0.985669,0.986465,0.986564,0.986664,0.986664,0.986764,0.986764,0.986863,0.986863],[0.951831,0.964968,0.968551,0.971537,0.974025,0.975119,0.976214,0.977309,0.978105,0.979598,0.980096,0.980195,0.980295,0.980494,0.980494,0.980494,0.980494,0.980494,0.980593,0.980693],[0.966262,0.973826,0.976811,0.976811,0.976811,0.982285,0.982285,0.982285,0.983877,0.983877,0.984176,0.988157,0.988157,0.988157,0.988157,0.988157,0.988157,0.988157,0.988157,0.988157],[0.965565,0.971039,0.976911,0.976911,0.978503,0.980195,0.980195,0.982285,0.984574,0.986365,0.986365,0.986664,0.987659,0.987659,0.987659,0.987659,0.987659,0.987659,0.987659,0.987659],[0.961385,0.96885,0.974025,0.979001,0.979001,0.979001,0.979001,0.979001,0.979001,0.98328,0.98328,0.98328,0.98328,0.98328,0.983579,0.984773,0.984773,0.985271,0.985271,0.987062],[0.972631,0.974224,0.974224,0.976115,0.985271,0.986863,0.986863,0.986863,0.986863,0.986863,0.986863,0.986863,0.986863,0.986863,0.986863,0.986863,0.986863,0.986863,0.986863,0.986863],[0.953623,0.96248,0.965366,0.96865,0.97283,0.975119,0.976612,0.978603,0.978802,0.9792,0.979399,0.980295,0.980394,0.980892,0.980892,0.980892,0.980892,0.980892,0.980892,0.980892],[0.967357,0.970342,0.978404,0.978404,0.978404,0.978404,0.978404,0.9791,0.9792,0.9792,0.987361,0.987361,0.987361,0.987361,0.987361,0.987361,0.987361,0.987361,0.987361,0.987361],[0.969248,0.973925,0.973925,0.975518,0.975518,0.981091,0.983081,0.984574,0.985669,0.985768,0.985868,0.985868,0.985868,0.985868,0.985868,0.985868,0.985868,0.985868,0.985868,0.985868],[0.971835,0.972333,0.972333,0.972333,0.973029,0.981688,0.984773,0.985967,0.986465,0.986465,0.986465,0.986465,0.986465,0.986664,0.986664,0.986664,0.986664,0.986664,0.986664,0.986664],[0.970939,0.971835,0.979001,0.979001,0.979001,0.982882,0.986166,0.986166,0.986166,0.986166,0.986166,0.986166,0.986166,0.986166,0.986166,0.986166,0.986166,0.986166,0.986166,0.986166],[0.967456,0.969347,0.969347,0.974025,0.975318,0.975318,0.97711,0.97711,0.97711,0.97711,0.982385,0.982385,0.982385,0.982385,0.982385,0.984076,0.984076,0.984076,0.984076,0.984076],[0.960987,0.965366,0.96676,0.973627,0.97492,0.978802,0.978802,0.978802,0.978802,0.978802,0.98328,0.984275,0.98547,0.98547,0.98547,0.98547,0.98547,0.98547,0.98547,0.98547],[0.969845,0.974323,0.974323,0.975518,0.975518,0.979001,0.980693,0.980693,0.98119,0.981489,0.98537,0.98537,0.98537,0.98537,0.98537,0.985967,0.986266,0.987062,0.987261,0.987261],[0.965366,0.971139,0.973428,0.976811,0.980394,0.980394,0.982385,0.982385,0.982882,0.982882,0.984674,0.98537,0.98537,0.98537,0.98537,0.98537,0.98537,0.98537,0.98537,0.98537],[0.970541,0.970541,0.975518,0.977309,0.977309,0.985967,0.985967,0.986465,0.986465,0.986465,0.986465,0.986465,0.986465,0.986465,0.986465,0.986465,0.986465,0.986465,0.986465,0.986465],[0.965565,0.969944,0.973229,0.97701,0.979299,0.980792,0.980892,0.981588,0.982385,0.982385,0.983181,0.98328,0.98338,0.98338,0.98338,0.983579,0.983579,0.983678,0.983678,0.983678],[0.971835,0.972631,0.977309,0.977309,0.981986,0.984076,0.984176,0.984176,0.984674,0.984674,0.984674,0.984674,0.984674,0.984674,0.984674,0.984674,0.984674,0.984674,0.984674,0.984674],[0.972034,0.972034,0.977309,0.977309,0.977309,0.985271,0.98547,0.985768,0.986365,0.986365,0.986564,0.986664,0.986664,0.986664,0.986664,0.986764,0.986863,0.986963,0.986963,0.986963],[0.963475,0.968153,0.96865,0.973428,0.977309,0.978603,0.978603,0.978603,0.980693,0.984076,0.986166,0.986166,0.986166,0.986166,0.986963,0.986963,0.987261,0.987261,0.987261,0.987261],[0.955414,0.966262,0.969447,0.971736,0.976115,0.977508,0.978503,0.978802,0.979996,0.980593,0.980593,0.980792,0.980991,0.980991,0.980991,0.981389,0.981588,0.981887,0.982186,0.982186],[0.969447,0.969447,0.971935,0.977707,0.977707,0.977707,0.977707,0.9791,0.979797,0.979797,0.984475,0.985868,0.986465,0.986863,0.987062,0.987261,0.987261,0.987261,0.987261,0.987261],[0.965366,0.967357,0.969944,0.971437,0.978404,0.978404,0.978404,0.978404,0.978404,0.979598,0.985669,0.986266,0.987261,0.987659,0.987659,0.987659,0.987659,0.987759,0.987759,0.987759],[0.968153,0.972233,0.972631,0.972631,0.98119,0.98119,0.98119,0.981389,0.982882,0.982882,0.985669,0.985669,0.985669,0.985669,0.985768,0.985768,0.985768,0.985768,0.985768,0.985768],[0.970243,0.970243,0.974025,0.97701,0.979896,0.980892,0.980892,0.980892,0.98328,0.984375,0.98537,0.98537,0.98537,0.98537,0.98537,0.98537,0.98537,0.98537,0.98537,0.98537],[0.958997,0.965366,0.969347,0.972233,0.978006,0.980494,0.98338,0.98338,0.983877,0.984873,0.984972,0.98547,0.98547,0.98547,0.98547,0.98547,0.98547,0.98547,0.98547,0.98547],[0.967755,0.971935,0.974721,0.976712,0.979797,0.982683,0.982783,0.983479,0.983579,0.983579,0.983579,0.983579,0.983579,0.983579,0.983579,0.983579,0.983579,0.983579,0.983579,0.983579],[0.972631,0.972631,0.976811,0.977807,0.98338,0.984674,0.984674,0.984674,0.984674,0.984674,0.984674,0.984674,0.984674,0.984674,0.984674,0.984674,0.984674,0.984674,0.984674,0.984674],[0.967655,0.971835,0.974224,0.979001,0.979996,0.981389,0.983778,0.983778,0.983778,0.983778,0.983778,0.983778,0.983778,0.983778,0.983778,0.983778,0.983778,0.983778,0.983778,0.983778],[0.97283,0.97283,0.976712,0.979598,0.979598,0.979598,0.979598,0.980295,0.980295,0.980295,0.98547,0.985868,0.985868,0.987659,0.987659,0.987659,0.987659,0.987659,0.987659,0.987659],[0.970939,0.972631,0.972631,0.978105,0.982484,0.984475,0.984475,0.984475,0.984475,0.984475,0.984475,0.984475,0.984475,0.984475,0.984475,0.984475,0.984475,0.984475,0.984475,0.984475],[0.936306,0.948149,0.954319,0.954319,0.955912,0.955912,0.957803,0.957803,0.962381,0.962381,0.963873,0.963873,0.964172,0.964371,0.964471,0.964471,0.964471,0.964471,0.964471,0.964471],[0.966561,0.970143,0.976811,0.979498,0.979498,0.979498,0.979498,0.979498,0.979996,0.979996,0.981887,0.983877,0.986067,0.987062,0.987062,0.987062,0.987062,0.987062,0.987062,0.987062],[0.96248,0.965764,0.970641,0.97084,0.974622,0.982086,0.984076,0.984475,0.985569,0.985967,0.986365,0.986365,0.986365,0.986365,0.986365,0.986365,0.986365,0.986365,0.986365,0.986365],[0.968252,0.968252,0.971636,0.975717,0.975717,0.975717,0.975717,0.98119,0.98119,0.98119,0.984475,0.984574,0.985072,0.986067,0.986166,0.986166,0.986266,0.986266,0.986266,0.986266],[0.967257,0.967456,0.971437,0.971437,0.975219,0.978105,0.978105,0.978105,0.978105,0.978105,0.978105,0.983081,0.98537,0.98537,0.98537,0.98537,0.98537,0.98537,0.98537,0.98537],[0.955812,0.966859,0.972034,0.974821,0.976314,0.977408,0.979498,0.980295,0.980792,0.980792,0.980792,0.980792,0.980892,0.980892,0.981091,0.98119,0.981389,0.981389,0.981389,0.981389],[0.973328,0.973328,0.97502,0.978503,0.978503,0.978503,0.978503,0.982086,0.982086,0.982086,