{"columns":[0,1,2,3,4,5,6,7,8,9,10,11,12,13,14,15,16,17,18,19],"index":[0,1,2,3,4,5,6,7,8,9,10,11,12,13,14,15,16,17,18,19],"data":[[0.961485,0.971238,0.971238,0.971238,0.982783,0.984176,0.984176,0.984176,0.985669,0.985669,0.986166,0.986166,0.986465,0.986465,0.986465,0.986465,0.986564,0.986564,0.986564,0.986564],[0.972731,0.97293,0.97293,0.974124,0.976413,0.979399,0.979399,0.979399,0.985669,0.985967,0.986664,0.987361,0.98746,0.98746,0.98746,0.98746,0.98746,0.98746,0.98746,0.98746],[0.966561,0.968949,0.969248,0.97701,0.97701,0.97701,0.97701,0.977508,0.977508,0.977508,0.98537,0.985868,0.986266,0.986664,0.986664,0.986664,0.986664,0.986664,0.986664,0.986664],[0.970243,0.97293,0.974522,0.976314,0.980195,0.981887,0.983081,0.983081,0.983977,0.984176,0.984176,0.984176,0.984176,0.984176,0.984176,0.984176,0.984176,0.984176,0.984176,0.984176],[0.96248,0.970641,0.975518,0.975518,0.975518,0.975518,0.975518,0.978006,0.978006,0.978006,0.978304,0.978304,0.980593,0.980593,0.980593,0.984674,0.984674,0.984873,0.984873,0.984873],[0.969347,0.974622,0.977607,0.977607,0.978901,0.979299,0.984475,0.984475,0.986963,0.986963,0.986963,0.98746,0.98746,0.98746,0.98746,0.98746,0.98746,0.98746,0.98746,0.98746],[0.971039,0.971537,0.974721,0.978503,0.980892,0.980892,0.982982,0.984275,0.984375,0.984574,0.984972,0.984972,0.984972,0.984972,0.984972,0.984972,0.984972,0.984972,0.984972,0.984972],[0.969148,0.971139,0.971736,0.973428,0.975816,0.981688,0.981688,0.981688,0.984574,0.984574,0.987162,0.987162,0.987162,0.987162,0.987162,0.987162,0.987162,0.987162,0.987162,0.987162],[0.965665,0.974224,0.974224,0.974821,0.980494,0.980494,0.980494,0.980494,0.982086,0.982086,0.986963,0.986963,0.988157,0.988157,0.988157,0.988157,0.988157,0.988157,0.988157,0.988157],[0.970442,0.973527,0.977309,0.979598,0.980593,0.984176,0.984475,0.984873,0.984873,0.985072,0.985072,0.985072,0.985072,0.985072,0.985072,0.985072,0.985072,0.985072,0.985072,0.985072],[0.970342,0.970342,0.970342,0.976612,0.9792,0.983579,0.983579,0.984873,0.985868,0.986067,0.986067,0.986067,0.986067,0.986067,0.986067,0.986067,0.986067,0.986067,0.986067,0.986067],[0.966361,0.969944,0.974025,0.978205,0.978205,0.980394,0.980394,0.980394,0.980394,0.983579,0.983579,0.983579,0.983579,0.983579,0.983579,0.984574,0.984574,0.984574,0.984574,0.984574],[0.968551,0.971835,0.973925,0.978702,0.98129,0.985271,0.985271,0.985271,0.987062,0.987062,0.987261,0.987261,0.987261,0.987261,0.987261,0.987261,0.987261,0.987261,0.987261,0.987261],[0.969646,0.970939,0.975816,0.979598,0.981091,0.982783,0.983181,0.98338,0.983977,0.983977,0.983977,0.983977,0.983977,0.983977,0.983977,0.984076,0.984076,0.984076,0.984076,0.984076],[0.961186,0.970442,0.970442,0.97492,0.97492,0.984176,0.984176,0.985768,0.98746,0.98746,0.98746,0.98746,0.98746,0.98746,0.98746,0.98746,0.98746,0.98746,0.98746,0.98746],[0.965864,0.965864,0.97492,0.975518,0.976413,0.976413,0.977807,0.9792,0.979498,0.979498,0.982882,0.984475,0.985271,0.986564,0.986564,0.987261,0.987261,0.98746,0.98746,0.987759],[0.962381,0.967058,0.971139,0.975318,0.978404,0.982484,0.983579,0.984475,0.985072,0.985072,0.985072,0.985072,0.985072,0.985072,0.985072,0.985072,0.985072,0.985072,0.985072,0.985072],[0.961286,0.970044,0.974124,0.976115,0.976911,0.981588,0.981588,0.981588,0.982385,0.982484,0.982584,0.982584,0.982982,0.98328,0.98338,0.983479,0.983579,0.983579,0.983579,0.983579],[0.972731,0.972731,0.973925,0.973925,0.982783,0.982783,0.982783,0.984972,0.985569,0.985569,0.986764,0.986764,0.986863,0.986863,0.986863,0.986863,0.986863,0.986863,0.986863,0.986863],[0.969148,0.971736,0.972532,0.972532,0.983181,0.98537,0.985768,0.986266,0.986266,0.986266,0.986266,0.986266,0.986266,0.986266,0.986266,0.986266,0.986266,0.986266,0.986266,0.986266]]}